,date,year,company,price,monthly_return,volatility
0,2000-01-01,2000,Microsoft,39.81,,7.23
1,2000-02-01,2000,Microsoft,36.35,-0.09,7.23
2,2000-03-01,2000,Microsoft,43.22,0.19,7.23
3,2000-04-01,2000,Microsoft,28.37,-0.34,7.23
4,2000-05-01,2000,Microsoft,25.45,-0.1,7.23
5,2000-06-01,2000,Microsoft,32.54,0.28,7.23
6,2000-07-01,2000,Microsoft,28.4,-0.13,7.23
7,2000-08-01,2000,Microsoft,28.4,0.0,7.23
8,2000-09-01,2000,Microsoft,24.53,-0.14,7.23
9,2000-10-01,2000,Microsoft,28.02,0.14,7.23
10,2000-11-01,2000,Microsoft,23.34,-0.17,7.23
11,2000-12-01,2000,Microsoft,17.65,-0.24,7.23
12,2001-01-01,2001,Microsoft,24.84,0.41,2.64
13,2001-02-01,2001,Microsoft,24.0,-0.03,2.64
14,2001-03-01,2001,Microsoft,22.25,-0.07,2.64
15,2001-04-01,2001,Microsoft,27.56,0.24,2.64
16,2001-05-01,2001,Microsoft,28.14,0.02,2.64
17,2001-06-01,2001,Microsoft,29.7,0.06,2.64
18,2001-07-01,2001,Microsoft,26.93,-0.09,2.64
19,2001-08-01,2001,Microsoft,23.21,-0.14,2.64
20,2001-09-01,2001,Microsoft,20.82,-0.1,2.64
21,2001-10-01,2001,Microsoft,23.65,0.14,2.64
22,2001-11-01,2001,Microsoft,26.12,0.1,2.64
23,2001-12-01,2001,Microsoft,26.95,0.03,2.64
24,2002-01-01,2002,Microsoft,25.92,-0.04,2.29
25,2002-02-01,2002,Microsoft,23.73,-0.08,2.29
26,2002-03-01,2002,Microsoft,24.53,0.03,2.29
27,2002-04-01,2002,Microsoft,21.26,-0.13,2.29
28,2002-05-01,2002,Microsoft,20.71,-0.03,2.29
29,2002-06-01,2002,Microsoft,22.25,0.07,2.29
30,2002-07-01,2002,Microsoft,19.52,-0.12,2.29
31,2002-08-01,2002,Microsoft,19.97,0.02,2.29
32,2002-09-01,2002,Microsoft,17.79,-0.11,2.29
33,2002-10-01,2002,Microsoft,21.75,0.22,2.29
34,2002-11-01,2002,Microsoft,23.46,0.08,2.29
35,2002-12-01,2002,Microsoft,21.03,-0.1,2.29
36,2003-01-01,2003,Microsoft,19.31,-0.08,1.12
37,2003-02-01,2003,Microsoft,19.34,0.0,1.12
38,2003-03-01,2003,Microsoft,19.76,0.02,1.12
39,2003-04-01,2003,Microsoft,20.87,0.06,1.12
40,2003-05-01,2003,Microsoft,20.09,-0.04,1.12
41,2003-06-01,2003,Microsoft,20.93,0.04,1.12
42,2003-07-01,2003,Microsoft,21.56,0.03,1.12
43,2003-08-01,2003,Microsoft,21.65,0.0,1.12
44,2003-09-01,2003,Microsoft,22.69,0.05,1.12
45,2003-10-01,2003,Microsoft,21.45,-0.05,1.12
46,2003-11-01,2003,Microsoft,21.1,-0.02,1.12
47,2003-12-01,2003,Microsoft,22.46,0.06,1.12
48,2004-01-01,2004,Microsoft,22.69,0.01,1.24
49,2004-02-01,2004,Microsoft,21.77,-0.04,1.24
50,2004-03-01,2004,Microsoft,20.46,-0.06,1.24
51,2004-04-01,2004,Microsoft,21.45,0.05,1.24
52,2004-05-01,2004,Microsoft,21.53,0.0,1.24
53,2004-06-01,2004,Microsoft,23.44,0.09,1.24
54,2004-07-01,2004,Microsoft,23.38,-0.0,1.24
55,2004-08-01,2004,Microsoft,22.47,-0.04,1.24
56,2004-09-01,2004,Microsoft,22.76,0.01,1.24
57,2004-10-01,2004,Microsoft,23.02,0.01,1.24
58,2004-11-01,2004,Microsoft,24.6,0.07,1.24
59,2004-12-01,2004,Microsoft,24.52,-0.0,1.24
60,2005-01-01,2005,Microsoft,24.11,-0.02,0.97
61,2005-02-01,2005,Microsoft,23.15,-0.04,0.97
62,2005-03-01,2005,Microsoft,22.24,-0.04,0.97
63,2005-04-01,2005,Microsoft,23.28,0.05,0.97
64,2005-05-01,2005,Microsoft,23.82,0.02,0.97
65,2005-06-01,2005,Microsoft,22.93,-0.04,0.97
66,2005-07-01,2005,Microsoft,23.64,0.03,0.97
67,2005-08-01,2005,Microsoft,25.35,0.07,0.97
68,2005-09-01,2005,Microsoft,23.83,-0.06,0.97
69,2005-10-01,2005,Microsoft,23.8,-0.0,0.97
70,2005-11-01,2005,Microsoft,25.71,0.08,0.97
71,2005-12-01,2005,Microsoft,24.29,-0.06,0.97
72,2006-01-01,2006,Microsoft,26.14,0.08,2.33
73,2006-02-01,2006,Microsoft,25.04,-0.04,2.33
74,2006-03-01,2006,Microsoft,25.36,0.01,2.33
75,2006-04-01,2006,Microsoft,22.5,-0.11,2.33
76,2006-05-01,2006,Microsoft,21.19,-0.06,2.33
77,2006-06-01,2006,Microsoft,21.8,0.03,2.33
78,2006-07-01,2006,Microsoft,22.51,0.03,2.33
79,2006-08-01,2006,Microsoft,24.13,0.07,2.33
80,2006-09-01,2006,Microsoft,25.68,0.06,2.33
81,2006-10-01,2006,Microsoft,26.96,0.05,2.33
82,2006-11-01,2006,Microsoft,27.66,0.03,2.33
83,2006-12-01,2006,Microsoft,28.13,0.02,2.33
84,2007-01-01,2007,Microsoft,29.07,0.03,2.86
85,2007-02-01,2007,Microsoft,26.63,-0.08,2.86
86,2007-03-01,2007,Microsoft,26.35,-0.01,2.86
87,2007-04-01,2007,Microsoft,28.3,0.07,2.86
88,2007-05-01,2007,Microsoft,29.11,0.03,2.86
89,2007-06-01,2007,Microsoft,27.95,-0.04,2.86
90,2007-07-01,2007,Microsoft,27.5,-0.02,2.86
91,2007-08-01,2007,Microsoft,27.34,-0.01,2.86
92,2007-09-01,2007,Microsoft,28.04,0.03,2.86
93,2007-10-01,2007,Microsoft,35.03,0.25,2.86
94,2007-11-01,2007,Microsoft,32.09,-0.08,2.86
95,2007-12-01,2007,Microsoft,34.0,0.06,2.86
96,2008-01-01,2008,Microsoft,31.13,-0.08,3.51
97,2008-02-01,2008,Microsoft,26.07,-0.16,3.51
98,2008-03-01,2008,Microsoft,27.21,0.04,3.51
99,2008-04-01,2008,Microsoft,27.34,0.0,3.51
100,2008-05-01,2008,Microsoft,27.25,-0.0,3.51
101,2008-06-01,2008,Microsoft,26.47,-0.03,3.51
102,2008-07-01,2008,Microsoft,24.75,-0.06,3.51
103,2008-08-01,2008,Microsoft,26.36,0.07,3.51
104,2008-09-01,2008,Microsoft,25.78,-0.02,3.51
105,2008-10-01,2008,Microsoft,21.57,-0.16,3.51
106,2008-11-01,2008,Microsoft,19.66,-0.09,3.51
107,2008-12-01,2008,Microsoft,18.91,-0.04,3.51
108,2009-01-01,2009,Microsoft,16.63,-0.12,4.81
109,2009-02-01,2009,Microsoft,15.81,-0.05,4.81
110,2009-03-01,2009,Microsoft,17.99,0.14,4.81
111,2009-04-01,2009,Microsoft,19.84,0.1,4.81
112,2009-05-01,2009,Microsoft,20.59,0.04,4.81
113,2009-06-01,2009,Microsoft,23.42,0.14,4.81
114,2009-07-01,2009,Microsoft,23.18,-0.01,4.81
115,2009-08-01,2009,Microsoft,24.43,0.05,4.81
116,2009-09-01,2009,Microsoft,25.49,0.04,4.81
117,2009-10-01,2009,Microsoft,27.48,0.08,4.81
118,2009-11-01,2009,Microsoft,29.27,0.07,4.81
119,2009-12-01,2009,Microsoft,30.34,0.04,4.81
120,2010-01-01,2010,Microsoft,28.05,-0.08,0.4
121,2010-02-01,2010,Microsoft,28.67,0.02,0.4
122,2010-03-01,2010,Microsoft,28.8,0.0,0.4
123,2000-01-01,2000,Amazon,64.56,,17.16
124,2000-02-01,2000,Amazon,68.87,0.07,17.16
125,2000-03-01,2000,Amazon,67.0,-0.03,17.16
126,2000-04-01,2000,Amazon,55.19,-0.18,17.16
127,2000-05-01,2000,Amazon,48.31,-0.12,17.16
128,2000-06-01,2000,Amazon,36.31,-0.25,17.16
129,2000-07-01,2000,Amazon,30.12,-0.17,17.16
130,2000-08-01,2000,Amazon,41.5,0.38,17.16
131,2000-09-01,2000,Amazon,38.44,-0.07,17.16
132,2000-10-01,2000,Amazon,36.62,-0.05,17.16
133,2000-11-01,2000,Amazon,24.69,-0.33,17.16
134,2000-12-01,2000,Amazon,15.56,-0.37,17.16
135,2001-01-01,2001,Amazon,17.31,0.11,3.66
136,2001-02-01,2001,Amazon,10.19,-0.41,3.66
137,2001-03-01,2001,Amazon,10.23,0.0,3.66
138,2001-04-01,2001,Amazon,15.78,0.54,3.66
139,2001-05-01,2001,Amazon,16.69,0.06,3.66
140,2001-06-01,2001,Amazon,14.15,-0.15,3.66
141,2001-07-01,2001,Amazon,12.49,-0.12,3.66
142,2001-08-01,2001,Amazon,8.94,-0.28,3.66
143,2001-09-01,2001,Amazon,5.97,-0.33,3.66
144,2001-10-01,2001,Amazon,6.98,0.17,3.66
145,2001-11-01,2001,Amazon,11.32,0.62,3.66
146,2001-12-01,2001,Amazon,10.82,-0.04,3.66
147,2002-01-01,2002,Amazon,14.19,0.31,2.8
148,2002-02-01,2002,Amazon,14.1,-0.01,2.8
149,2002-03-01,2002,Amazon,14.3,0.01,2.8
150,2002-04-01,2002,Amazon,16.69,0.17,2.8
151,2002-05-01,2002,Amazon,18.23,0.09,2.8
152,2002-06-01,2002,Amazon,16.25,-0.11,2.8
153,2002-07-01,2002,Amazon,14.45,-0.11,2.8
154,2002-08-01,2002,Amazon,14.94,0.03,2.8
155,2002-09-01,2002,Amazon,15.93,0.07,2.8
156,2002-10-01,2002,Amazon,19.36,0.22,2.8
157,2002-11-01,2002,Amazon,23.35,0.21,2.8
158,2002-12-01,2002,Amazon,18.89,-0.19,2.8
159,2003-01-01,2003,Amazon,21.85,0.16,12.33
160,2003-02-01,2003,Amazon,22.01,0.01,12.33
161,2003-03-01,2003,Amazon,26.03,0.18,12.33
162,2003-04-01,2003,Amazon,28.69,0.1,12.33
163,2003-05-01,2003,Amazon,35.89,0.25,12.33
164,2003-06-01,2003,Amazon,36.32,0.01,12.33
165,2003-07-01,2003,Amazon,41.64,0.15,12.33
166,2003-08-01,2003,Amazon,46.32,0.11,12.33
167,2003-09-01,2003,Amazon,48.43,0.05,12.33
168,2003-10-01,2003,Amazon,54.43,0.12,12.33
169,2003-11-01,2003,Amazon,53.97,-0.01,12.33
170,2003-12-01,2003,Amazon,52.62,-0.03,12.33
171,2004-01-01,2004,Amazon,50.4,-0.04,5.65
172,2004-02-01,2004,Amazon,43.01,-0.15,5.65
173,2004-03-01,2004,Amazon,43.28,0.01,5.65
174,2004-04-01,2004,Amazon,43.6,0.01,5.65
175,2004-05-01,2004,Amazon,48.5,0.11,5.65
176,2004-06-01,2004,Amazon,54.4,0.12,5.65
177,2004-07-01,2004,Amazon,38.92,-0.28,5.65
178,2004-08-01,2004,Amazon,38.14,-0.02,5.65
179,2004-09-01,2004,Amazon,40.86,0.07,5.65
180,2004-10-01,2004,Amazon,34.13,-0.16,5.65
181,2004-11-01,2004,Amazon,39.68,0.16,5.65
182,2004-12-01,2004,Amazon,44.29,0.12,5.65
183,2005-01-01,2005,Amazon,43.22,-0.02,5.85
184,2005-02-01,2005,Amazon,35.18,-0.19,5.85
185,2005-03-01,2005,Amazon,34.27,-0.03,5.85
186,2005-04-01,2005,Amazon,32.36,-0.06,5.85
187,2005-05-01,2005,Amazon,35.51,0.1,5.85
188,2005-06-01,2005,Amazon,33.09,-0.07,5.85
189,2005-07-01,2005,Amazon,45.15,0.36,5.85
190,2005-08-01,2005,Amazon,42.7,-0.05,5.85
191,2005-09-01,2005,Amazon,45.3,0.06,5.85
192,2005-10-01,2005,Amazon,39.86,-0.12,5.85
193,2005-11-01,2005,Amazon,48.46,0.22,5.85
194,2005-12-01,2005,Amazon,47.15,-0.03,5.85
195,2006-01-01,2006,Amazon,44.82,-0.05,4.76
196,2006-02-01,2006,Amazon,37.44,-0.16,4.76
197,2006-03-01,2006,Amazon,36.53,-0.02,4.76
198,2006-04-01,2006,Amazon,35.21,-0.04,4.76
199,2006-05-01,2006,Amazon,34.61,-0.02,4.76
200,2006-06-01,2006,Amazon,38.68,0.12,4.76
201,2006-07-01,2006,Amazon,26.89,-0.3,4.76
202,2006-08-01,2006,Amazon,30.83,0.15,4.76
203,2006-09-01,2006,Amazon,32.12,0.04,4.76
204,2006-10-01,2006,Amazon,38.09,0.19,4.76
205,2006-11-01,2006,Amazon,40.34,0.06,4.76
206,2006-12-01,2006,Amazon,39.46,-0.02,4.76
207,2007-01-01,2007,Amazon,37.67,-0.05,21.32
208,2007-02-01,2007,Amazon,39.14,0.04,21.32
209,2007-03-01,2007,Amazon,39.79,0.02,21.32
210,2007-04-01,2007,Amazon,61.33,0.54,21.32
211,2007-05-01,2007,Amazon,69.14,0.13,21.32
212,2007-06-01,2007,Amazon,68.41,-0.01,21.32
213,2007-07-01,2007,Amazon,78.54,0.15,21.32
214,2007-08-01,2007,Amazon,79.91,0.02,21.32
215,2007-09-01,2007,Amazon,93.15,0.17,21.32
216,2007-10-01,2007,Amazon,89.15,-0.04,21.32
217,2007-11-01,2007,Amazon,90.56,0.02,21.32
218,2007-12-01,2007,Amazon,92.64,0.02,21.32
219,2008-01-01,2008,Amazon,77.7,-0.16,12.52
220,2008-02-01,2008,Amazon,64.47,-0.17,12.52
221,2008-03-01,2008,Amazon,71.3,0.11,12.52
222,2008-04-01,2008,Amazon,78.63,0.1,12.52
223,2008-05-01,2008,Amazon,81.62,0.04,12.52
224,2008-06-01,2008,Amazon,73.33,-0.1,12.52
225,2008-07-01,2008,Amazon,76.34,0.04,12.52
226,2008-08-01,2008,Amazon,80.81,0.06,12.52
227,2008-09-01,2008,Amazon,72.76,-0.1,12.52
228,2008-10-01,2008,Amazon,57.24,-0.21,12.52
229,2008-11-01,2008,Amazon,42.7,-0.25,12.52
230,2008-12-01,2008,Amazon,51.28,0.2,12.52
231,2009-01-01,2009,Amazon,58.82,0.15,25.54
232,2009-02-01,2009,Amazon,64.79,0.1,25.54
233,2009-03-01,2009,Amazon,73.44,0.13,25.54
234,2009-04-01,2009,Amazon,80.52,0.1,25.54
235,2009-05-01,2009,Amazon,77.99,-0.03,25.54
236,2009-06-01,2009,Amazon,83.66,0.07,25.54
237,2009-07-01,2009,Amazon,85.76,0.03,25.54
238,2009-08-01,2009,Amazon,81.19,-0.05,25.54
239,2009-09-01,2009,Amazon,93.36,0.15,25.54
240,2009-10-01,2009,Amazon,118.81,0.27,25.54
241,2009-11-01,2009,Amazon,135.91,0.14,25.54
242,2009-12-01,2009,Amazon,134.52,-0.01,25.54
243,2010-01-01,2010,Amazon,125.41,-0.07,5.31
244,2010-02-01,2010,Amazon,118.4,-0.06,5.31
245,2010-03-01,2010,Amazon,128.82,0.09,5.31
246,2000-01-01,2000,IBM,100.52,,10.82
247,2000-02-01,2000,IBM,92.11,-0.08,10.82
248,2000-03-01,2000,IBM,106.11,0.15,10.82
249,2000-04-01,2000,IBM,99.95,-0.06,10.82
250,2000-05-01,2000,IBM,96.31,-0.04,10.82
251,2000-06-01,2000,IBM,98.33,0.02,10.82
252,2000-07-01,2000,IBM,100.74,0.02,10.82
253,2000-08-01,2000,IBM,118.62,0.18,10.82
254,2000-09-01,2000,IBM,101.19,-0.15,10.82
255,2000-10-01,2000,IBM,88.5,-0.13,10.82
256,2000-11-01,2000,IBM,84.12,-0.05,10.82
257,2000-12-01,2000,IBM,76.47,-0.09,10.82
258,2001-01-01,2001,IBM,100.76,0.32,8.09
259,2001-02-01,2001,IBM,89.98,-0.11,8.09
260,2001-03-01,2001,IBM,86.63,-0.04,8.09
261,2001-04-01,2001,IBM,103.7,0.2,8.09
262,2001-05-01,2001,IBM,100.82,-0.03,8.09
263,2001-06-01,2001,IBM,102.35,0.02,8.09
264,2001-07-01,2001,IBM,94.87,-0.07,8.09
265,2001-08-01,2001,IBM,90.25,-0.05,8.09
266,2001-09-01,2001,IBM,82.82,-0.08,8.09
267,2001-10-01,2001,IBM,97.58,0.18,8.09
268,2001-11-01,2001,IBM,104.5,0.07,8.09
269,2001-12-01,2001,IBM,109.36,0.05,8.09
270,2002-01-01,2002,IBM,97.54,-0.11,13.01
271,2002-02-01,2002,IBM,88.82,-0.09,13.01
272,2002-03-01,2002,IBM,94.15,0.06,13.01
273,2002-04-01,2002,IBM,75.82,-0.19,13.01
274,2002-05-01,2002,IBM,72.97,-0.04,13.01
275,2002-06-01,2002,IBM,65.31,-0.1,13.01
276,2002-07-01,2002,IBM,63.86,-0.02,13.01
277,2002-08-01,2002,IBM,68.52,0.07,13.01
278,2002-09-01,2002,IBM,53.01,-0.23,13.01
279,2002-10-01,2002,IBM,71.76,0.35,13.01
280,2002-11-01,2002,IBM,79.16,0.1,13.01
281,2002-12-01,2002,IBM,70.58,-0.11,13.01
282,2003-01-01,2003,IBM,71.22,0.01,4.9
283,2003-02-01,2003,IBM,71.13,-0.0,4.9
284,2003-03-01,2003,IBM,71.57,0.01,4.9
285,2003-04-01,2003,IBM,77.47,0.08,4.9
286,2003-05-01,2003,IBM,80.48,0.04,4.9
287,2003-06-01,2003,IBM,75.42,-0.06,4.9
288,2003-07-01,2003,IBM,74.28,-0.02,4.9
289,2003-08-01,2003,IBM,75.12,0.01,4.9
290,2003-09-01,2003,IBM,80.91,0.08,4.9
291,2003-10-01,2003,IBM,81.96,0.01,4.9
292,2003-11-01,2003,IBM,83.08,0.01,4.9
293,2003-12-01,2003,IBM,85.05,0.02,4.9
294,2004-01-01,2004,IBM,91.06,0.07,4.56
295,2004-02-01,2004,IBM,88.7,-0.03,4.56
296,2004-03-01,2004,IBM,84.41,-0.05,4.56
297,2004-04-01,2004,IBM,81.04,-0.04,4.56
298,2004-05-01,2004,IBM,81.59,0.01,4.56
299,2004-06-01,2004,IBM,81.19,-0.0,4.56
300,2004-07-01,2004,IBM,80.19,-0.01,4.56
301,2004-08-01,2004,IBM,78.17,-0.03,4.56
302,2004-09-01,2004,IBM,79.13,0.01,4.56
303,2004-10-01,2004,IBM,82.84,0.05,4.56
304,2004-11-01,2004,IBM,87.15,0.05,4.56
305,2004-12-01,2004,IBM,91.16,0.05,4.56
306,2005-01-01,2005,IBM,86.39,-0.05,6.16
307,2005-02-01,2005,IBM,85.78,-0.01,6.16
308,2005-03-01,2005,IBM,84.66,-0.01,6.16
309,2005-04-01,2005,IBM,70.77,-0.16,6.16
310,2005-05-01,2005,IBM,70.18,-0.01,6.16
311,2005-06-01,2005,IBM,68.93,-0.02,6.16
312,2005-07-01,2005,IBM,77.53,0.12,6.16
313,2005-08-01,2005,IBM,75.07,-0.03,6.16
314,2005-09-01,2005,IBM,74.7,-0.0,6.16
315,2005-10-01,2005,IBM,76.25,0.02,6.16
316,2005-11-01,2005,IBM,82.98,0.09,6.16
317,2005-12-01,2005,IBM,76.73,-0.08,6.16
318,2006-01-01,2006,IBM,75.89,-0.01,6.31
319,2006-02-01,2006,IBM,75.09,-0.01,6.31
320,2006-03-01,2006,IBM,77.17,0.03,6.31
321,2006-04-01,2006,IBM,77.05,-0.0,6.31
322,2006-05-01,2006,IBM,75.04,-0.03,6.31
323,2006-06-01,2006,IBM,72.15,-0.04,6.31
324,2006-07-01,2006,IBM,72.7,0.01,6.31
325,2006-08-01,2006,IBM,76.35,0.05,6.31
326,2006-09-01,2006,IBM,77.26,0.01,6.31
327,2006-10-01,2006,IBM,87.06,0.13,6.31
328,2006-11-01,2006,IBM,86.95,-0.0,6.31
329,2006-12-01,2006,IBM,91.9,0.06,6.31
330,2007-01-01,2007,IBM,93.79,0.02,8.19
331,2007-02-01,2007,IBM,88.18,-0.06,8.19
332,2007-03-01,2007,IBM,89.44,0.01,8.19
333,2007-04-01,2007,IBM,96.98,0.08,8.19
334,2007-05-01,2007,IBM,101.54,0.05,8.19
335,2007-06-01,2007,IBM,100.25,-0.01,8.19
336,2007-07-01,2007,IBM,105.4,0.05,8.19
337,2007-08-01,2007,IBM,111.54,0.06,8.19
338,2007-09-01,2007,IBM,112.6,0.01,8.19
339,2007-10-01,2007,IBM,111.0,-0.01,8.19
340,2007-11-01,2007,IBM,100.9,-0.09,8.19
341,2007-12-01,2007,IBM,103.7,0.03,8.19
342,2008-01-01,2008,IBM,102.75,-0.01,15.39
343,2008-02-01,2008,IBM,109.64,0.07,15.39
344,2008-03-01,2008,IBM,110.87,0.01,15.39
345,2008-04-01,2008,IBM,116.23,0.05,15.39
346,2008-05-01,2008,IBM,125.14,0.08,15.39
347,2008-06-01,2008,IBM,114.6,-0.08,15.39
348,2008-07-01,2008,IBM,123.74,0.08,15.39
349,2008-08-01,2008,IBM,118.16,-0.05,15.39
350,2008-09-01,2008,IBM,113.53,-0.04,15.39
351,2008-10-01,2008,IBM,90.24,-0.21,15.39
352,2008-11-01,2008,IBM,79.65,-0.12,15.39
353,2008-12-01,2008,IBM,82.15,0.03,15.39
354,2009-01-01,2009,IBM,89.46,0.09,13.79
355,2009-02-01,2009,IBM,90.32,0.01,13.79
356,2009-03-01,2009,IBM,95.09,0.05,13.79
357,2009-04-01,2009,IBM,101.29,0.07,13.79
358,2009-05-01,2009,IBM,104.85,0.04,13.79
359,2009-06-01,2009,IBM,103.01,-0.02,13.79
360,2009-07-01,2009,IBM,116.34,0.13,13.79
361,2009-08-01,2009,IBM,117.0,0.01,13.79
362,2009-09-01,2009,IBM,118.55,0.01,13.79
363,2009-10-01,2009,IBM,119.54,0.01,13.79
364,2009-11-01,2009,IBM,125.79,0.05,13.79
365,2009-12-01,2009,IBM,130.32,0.04,13.79
366,2010-01-01,2010,IBM,121.85,-0.06,2.72
367,2010-02-01,2010,IBM,127.16,0.04,2.72
368,2010-03-01,2010,IBM,125.55,-0.01,2.72
369,2004-08-01,2004,Google,102.37,,41.05
370,2004-09-01,2004,Google,129.6,0.27,41.05
371,2004-10-01,2004,Google,190.64,0.47,41.05
372,2004-11-01,2004,Google,181.98,-0.05,41.05
373,2004-12-01,2004,Google,192.79,0.06,41.05
374,2005-01-01,2005,Google,195.62,0.01,81.18
375,2005-02-01,2005,Google,187.99,-0.04,81.18
376,2005-03-01,2005,Google,180.51,-0.04,81.18
377,2005-04-01,2005,Google,220.0,0.22,81.18
378,2005-05-01,2005,Google,277.27,0.26,81.18
379,2005-06-01,2005,Google,294.15,0.06,81.18
380,2005-07-01,2005,Google,287.76,-0.02,81.18
381,2005-08-01,2005,Google,286.0,-0.01,81.18
382,2005-09-01,2005,Google,316.46,0.11,81.18
383,2005-10-01,2005,Google,372.14,0.18,81.18
384,2005-11-01,2005,Google,404.91,0.09,81.18
385,2005-12-01,2005,Google,414.86,0.02,81.18
386,2006-01-01,2006,Google,432.66,0.04,41.11
387,2006-02-01,2006,Google,362.62,-0.16,41.11
388,2006-03-01,2006,Google,390.0,0.08,41.11
389,2006-04-01,2006,Google,417.94,0.07,41.11
390,2006-05-01,2006,Google,371.82,-0.11,41.11
391,2006-06-01,2006,Google,419.33,0.13,41.11
392,2006-07-01,2006,Google,386.6,-0.08,41.11
393,2006-08-01,2006,Google,378.53,-0.02,41.11
394,2006-09-01,2006,Google,401.9,0.06,41.11
395,2006-10-01,2006,Google,476.39,0.19,41.11
396,2006-11-01,2006,Google,484.81,0.02,41.11
397,2006-12-01,2006,Google,460.48,-0.05,41.11
398,2007-01-01,2007,Google,501.5,0.09,94.74
399,2007-02-01,2007,Google,449.45,-0.1,94.74
400,2007-03-01,2007,Google,458.16,0.02,94.74
401,2007-04-01,2007,Google,471.38,0.03,94.74
402,2007-05-01,2007,Google,497.91,0.06,94.74
403,2007-06-01,2007,Google,522.7,0.05,94.74
404,2007-07-01,2007,Google,510.0,-0.02,94.74
405,2007-08-01,2007,Google,515.25,0.01,94.74
406,2007-09-01,2007,Google,567.27,0.1,94.74
407,2007-10-01,2007,Google,707.0,0.25,94.74
408,2007-11-01,2007,Google,693.0,-0.02,94.74
409,2007-12-01,2007,Google,691.48,-0.0,94.74
410,2008-01-01,2008,Google,564.3,-0.18,99.71
411,2008-02-01,2008,Google,471.18,-0.17,99.71
412,2008-03-01,2008,Google,440.47,-0.07,99.71
413,2008-04-01,2008,Google,574.29,0.3,99.71
414,2008-05-01,2008,Google,585.8,0.02,99.71
415,2008-06-01,2008,Google,526.42,-0.1,99.71
416,2008-07-01,2008,Google,473.75,-0.1,99.71
417,2008-08-01,2008,Google,463.29,-0.02,99.71
418,2008-09-01,2008,Google,400.52,-0.14,99.71
419,2008-10-01,2008,Google,359.36,-0.1,99.71
420,2008-11-01,2008,Google,292.96,-0.18,99.71
421,2008-12-01,2008,Google,307.65,0.05,99.71
422,2009-01-01,2009,Google,338.53,0.1,93.64
423,2009-02-01,2009,Google,337.99,-0.0,93.64
424,2009-03-01,2009,Google,348.06,0.03,93.64
425,2009-04-01,2009,Google,395.97,0.14,93.64
426,2009-05-01,2009,Google,417.23,0.05,93.64
427,2009-06-01,2009,Google,421.59,0.01,93.64
428,2009-07-01,2009,Google,443.05,0.05,93.64
429,2009-08-01,2009,Google,461.67,0.04,93.64
430,2009-09-01,2009,Google,495.85,0.07,93.64
431,2009-10-01,2009,Google,536.12,0.08,93.64
432,2009-11-01,2009,Google,583.0,0.09,93.64
433,2009-12-01,2009,Google,619.98,0.06,93.64
434,2010-01-01,2010,Google,529.94,-0.15,18.44
435,2010-02-01,2010,Google,526.8,-0.01,18.44
436,2010-03-01,2010,Google,560.19,0.06,18.44
437,2000-01-01,2000,Apple,25.94,,9.62
438,2000-02-01,2000,Apple,28.66,0.1,9.62
439,2000-03-01,2000,Apple,33.95,0.18,9.62
440,2000-04-01,2000,Apple,31.01,-0.09,9.62
441,2000-05-01,2000,Apple,21.0,-0.32,9.62
442,2000-06-01,2000,Apple,26.19,0.25,9.62
443,2000-07-01,2000,Apple,25.41,-0.03,9.62
444,2000-08-01,2000,Apple,30.47,0.2,9.62
445,2000-09-01,2000,Apple,12.88,-0.58,9.62
446,2000-10-01,2000,Apple,9.78,-0.24,9.62
447,2000-11-01,2000,Apple,8.25,-0.16,9.62
448,2000-12-01,2000,Apple,7.44,-0.1,9.62
449,2001-01-01,2001,Apple,10.81,0.45,1.38
450,2001-02-01,2001,Apple,9.12,-0.16,1.38
451,2001-03-01,2001,Apple,11.03,0.21,1.38
452,2001-04-01,2001,Apple,12.74,0.16,1.38
453,2001-05-01,2001,Apple,9.98,-0.22,1.38
454,2001-06-01,2001,Apple,11.62,0.16,1.38
455,2001-07-01,2001,Apple,9.4,-0.19,1.38
456,2001-08-01,2001,Apple,9.27,-0.01,1.38
457,2001-09-01,2001,Apple,7.76,-0.16,1.38
458,2001-10-01,2001,Apple,8.78,0.13,1.38
459,2001-11-01,2001,Apple,10.65,0.21,1.38
460,2001-12-01,2001,Apple,10.95,0.03,1.38
461,2002-01-01,2002,Apple,12.36,0.13,2.16
462,2002-02-01,2002,Apple,10.85,-0.12,2.16
463,2002-03-01,2002,Apple,11.84,0.09,2.16
464,2002-04-01,2002,Apple,12.14,0.03,2.16
465,2002-05-01,2002,Apple,11.65,-0.04,2.16
466,2002-06-01,2002,Apple,8.86,-0.24,2.16
467,2002-07-01,2002,Apple,7.63,-0.14,2.16
468,2002-08-01,2002,Apple,7.38,-0.03,2.16
469,2002-09-01,2002,Apple,7.25,-0.02,2.16
470,2002-10-01,2002,Apple,8.03,0.11,2.16
471,2002-11-01,2002,Apple,7.75,-0.03,2.16
472,2002-12-01,2002,Apple,7.16,-0.08,2.16
473,2003-01-01,2003,Apple,7.18,0.0,1.71
474,2003-02-01,2003,Apple,7.51,0.05,1.71
475,2003-03-01,2003,Apple,7.07,-0.06,1.71
476,2003-04-01,2003,Apple,7.11,0.01,1.71
477,2003-05-01,2003,Apple,8.98,0.26,1.71
478,2003-06-01,2003,Apple,9.53,0.06,1.71
479,2003-07-01,2003,Apple,10.54,0.11,1.71
480,2003-08-01,2003,Apple,11.31,0.07,1.71
481,2003-09-01,2003,Apple,10.36,-0.08,1.71
482,2003-10-01,2003,Apple,11.44,0.1,1.71
483,2003-11-01,2003,Apple,10.45,-0.09,1.71
484,2003-12-01,2003,Apple,10.69,0.02,1.71
485,2004-01-01,2004,Apple,11.28,0.06,7.72
486,2004-02-01,2004,Apple,11.96,0.06,7.72
487,2004-03-01,2004,Apple,13.52,0.13,7.72
488,2004-04-01,2004,Apple,12.89,-0.05,7.72
489,2004-05-01,2004,Apple,14.03,0.09,7.72
490,2004-06-01,2004,Apple,16.27,0.16,7.72
491,2004-07-01,2004,Apple,16.17,-0.01,7.72
492,2004-08-01,2004,Apple,17.25,0.07,7.72
493,2004-09-01,2004,Apple,19.38,0.12,7.72
494,2004-10-01,2004,Apple,26.2,0.35,7.72
495,2004-11-01,2004,Apple,33.53,0.28,7.72
496,2004-12-01,2004,Apple,32.2,-0.04,7.72
497,2005-01-01,2005,Apple,38.45,0.19,12.04
498,2005-02-01,2005,Apple,44.86,0.17,12.04
499,2005-03-01,2005,Apple,41.67,-0.07,12.04
500,2005-04-01,2005,Apple,36.06,-0.13,12.04
501,2005-05-01,2005,Apple,39.76,0.1,12.04
502,2005-06-01,2005,Apple,36.81,-0.07,12.04
503,2005-07-01,2005,Apple,42.65,0.16,12.04
504,2005-08-01,2005,Apple,46.89,0.1,12.04
505,2005-09-01,2005,Apple,53.61,0.14,12.04
506,2005-10-01,2005,Apple,57.59,0.07,12.04
507,2005-11-01,2005,Apple,67.82,0.18,12.04
508,2005-12-01,2005,Apple,71.89,0.06,12.04
509,2006-01-01,2006,Apple,75.51,0.05,10.32
510,2006-02-01,2006,Apple,68.49,-0.09,10.32
511,2006-03-01,2006,Apple,62.72,-0.08,10.32
512,2006-04-01,2006,Apple,70.39,0.12,10.32
513,2006-05-01,2006,Apple,59.77,-0.15,10.32
514,2006-06-01,2006,Apple,57.27,-0.04,10.32
515,2006-07-01,2006,Apple,67.96,0.19,10.32
516,2006-08-01,2006,Apple,67.85,-0.0,10.32
517,2006-09-01,2006,Apple,76.98,0.13,10.32
518,2006-10-01,2006,Apple,81.08,0.05,10.32
519,2006-11-01,2006,Apple,91.66,0.13,10.32
520,2006-12-01,2006,Apple,84.84,-0.07,10.32
521,2007-01-01,2007,Apple,85.73,0.01,40.33
522,2007-02-01,2007,Apple,84.61,-0.01,40.33
523,2007-03-01,2007,Apple,92.91,0.1,40.33
524,2007-04-01,2007,Apple,99.8,0.07,40.33
525,2007-05-01,2007,Apple,121.19,0.21,40.33
526,2007-06-01,2007,Apple,122.04,0.01,40.33
527,2007-07-01,2007,Apple,131.76,0.08,40.33
528,2007-08-01,2007,Apple,138.48,0.05,40.33
529,2007-09-01,2007,Apple,153.47,0.11,40.33
530,2007-10-01,2007,Apple,189.95,0.24,40.33
531,2007-11-01,2007,Apple,182.22,-0.04,40.33
532,2007-12-01,2007,Apple,198.08,0.09,40.33
533,2008-01-01,2008,Apple,135.36,-0.32,34.0
534,2008-02-01,2008,Apple,125.02,-0.08,34.0
535,2008-03-01,2008,Apple,143.5,0.15,34.0
536,2008-04-01,2008,Apple,173.95,0.21,34.0
537,2008-05-01,2008,Apple,188.75,0.09,34.0
538,2008-06-01,2008,Apple,167.44,-0.11,34.0
539,2008-07-01,2008,Apple,158.95,-0.05,34.0
540,2008-08-01,2008,Apple,169.53,0.07,34.0
541,2008-09-01,2008,Apple,113.66,-0.33,34.0
542,2008-10-01,2008,Apple,107.59,-0.05,34.0
543,2008-11-01,2008,Apple,92.67,-0.14,34.0
544,2008-12-01,2008,Apple,85.35,-0.08,34.0
545,2009-01-01,2009,Apple,90.13,0.06,42.15
546,2009-02-01,2009,Apple,89.31,-0.01,42.15
547,2009-03-01,2009,Apple,105.12,0.18,42.15
548,2009-04-01,2009,Apple,125.83,0.2,42.15
549,2009-05-01,2009,Apple,135.81,0.08,42.15
550,2009-06-01,2009,Apple,142.43,0.05,42.15
551,2009-07-01,2009,Apple,163.39,0.15,42.15
552,2009-08-01,2009,Apple,168.21,0.03,42.15
553,2009-09-01,2009,Apple,185.35,0.1,42.15
554,2009-10-01,2009,Apple,188.5,0.02,42.15
555,2009-11-01,2009,Apple,199.91,0.06,42.15
556,2009-12-01,2009,Apple,210.73,0.05,42.15
557,2010-01-01,2010,Apple,192.06,-0.09,15.57
558,2010-02-01,2010,Apple,204.62,0.07,15.57
559,2010-03-01,2010,Apple,223.02,0.09,15.57
